Person 1,Person 2,Anniversary
Melanie Levine,Traci Johnson,1987-09-16
Benjamin Blankenship,Cynthia Harper,1982-07-09
Zachary Miller,Becky Brown,2012-06-15
Holly Pena,Benjamin Spence,1991-11-03
Brandon Mcmillan,Miguel Wiley,2008-08-04
Marilyn Morgan,Thomas Velez MD,2023-06-08
Evan Freeman,Kimberly Carpenter,2007-09-29
Kelly Green,Erik Charles,2024-01-26
Mark Savage,David Hahn,2021-03-04
Courtney Miller,David Hahn,1996-08-07
Michael Reid,Jill Fox,1997-07-21
Jennifer Atkins,Matthew Terry,2003-01-21
Kimberly Carpenter,Andrew Lam Jr.,2016-09-14
Jason Barker Jr.,Jacqueline Bruce,1988-10-06
Sandra Sutton,Brittany Miller,2011-06-10
Claudia Moore,Benjamin Blankenship,2004-01-14
Melissa Jacobs,Douglas Bennett,1977-01-29
Mr. Corey Murray,Lisa Riley,2002-02-27
Jennifer Hayes,Mark Savage,2022-02-18
Steven Wall,Denise Hudson,1979-02-13
Christopher Kim,Kimberly Garcia,2011-04-02
Kimberly Carpenter,Angela Osborn,1974-09-01
Dawn White,Claudia Moore,1986-06-08
